candidate,year,title,venue,doi,abstract_decision,criterion,justification_pt,confidence
SB01,2026,"Impact assessment requirements in the GDPR vs the AI Act: Overlaps, divergence, and implications",Computer law & security review,10.1016/j.clsr.2026.106317,INCLUDE,IC1+IC2 met,Abstract obtido da página do autor (versão aberta). Compara requisitos de DPIA dos 27 Estados-membros/EEE com as áreas de alto risco do AI Act e discute coerência das avaliações ao longo da cadeia de valor de IA; análise regulatória ligada a critério de acionamento da avaliação de risco de privacidade em IA.,media
SB02,2026,"Exploring the Integration of AI, Privacy, and Cybersecurity Risks into a Unified Risk Management Model",Communications in computer and information science,10.1007/978-3-032-36813-3_16,INCLUDE,IC1+IC2 met (provável),"Abstract não encontrado (OpenAlex sem abstract; Springer/Semantic Scholar bloqueados por rate limit). Pelo título, propõe modelo unificado de gestão de riscos integrando IA, privacidade e cibersegurança em proceedings CCIS; incluir para verificação no texto completo.",baixa
SB03,2025,A Generic Framework for Privacy Risk Assessment of Machine Learning Models,"International Conference on Privacy, Security and Trust (PST)",10.1109/pst65910.2025.11268888,INCLUDE,IC1+IC2 met,"Propõe framework genérico de avaliação de riscos de privacidade de sistemas de ML, com métricas por tipo de ataque e testbed experimental; constitui método de garantia/avaliação aplicável ao ciclo de vida de ML.",alta
SB04,2024,"Deepfakes, Phrenology, Surveillance, and More! A Taxonomy of AI Privacy Risks",CHI Conference on Human Factors in Computing Systems,10.1145/3613904.3642116,INCLUDE,IC1+IC2 met,"Taxonomia de 12 riscos de privacidade de IA derivada de 321 incidentes, mostrando que salvaguardas usuais (federated learning, privacidade diferencial, checklists de avaliação) cobrem apenas parcialmente esses riscos; critica práticas de mitigação no desenvolvimento de IA.",media
SB05,2022,Towards a privacy impact assessment methodology to support the requirements of the general data protection regulation in a big data analytics context: A systematic literature review,Computer law & security review,10.1016/j.clsr.2021.105640,INCLUDE,IC1+IC2 met (provável),"Abstract não disponível (OpenAlex/Crossref/repositórios sem texto; ScienceDirect bloqueado). Pelo título, RSL sobre metodologias de PIA/DPIA para requisitos do GDPR em contexto de big data analytics; pertinente se o texto completo cobrir pipelines analíticos/ML.",baixa
SB06,2022,Delphi Study to Identify Criteria for the Systematic Assessment of Data Protection Risks in the Context of Big Data Analytics,IEEE International Conference on Big Data Computing Service and Applications (BigDataService),10.1109/bigdataservice55688.2022.00037,EXCLUDE,EC5,Artigo curto de 2 páginas (pp. 177-178) descrevendo pesquisa em andamento rumo a uma metodologia de DPIA para big data analytics; detalhe insuficiente.,alta
SB07,2021,Data minimization for GDPR compliance in machine learning models,AI and Ethics,10.1007/s43681-021-00095-8,INCLUDE,IC1+IC2 met,"Propõe abordagem de minimização de dados para conformidade com GDPR/CPRA em modelos de ML (remoção/generalização de features via knowledge distillation) com critério de tolerância de acurácia, aplicada à fase de coleta de dados; não é técnica isolada sem fase e critério de decisão.",media
SB08,2021,"Privacy by Design – Searching for the Balance Between Privacy, Personal Data Protection and Development of Artificial Intelligence Systems",Nomos Verlagsgesellschaft mbH & Co. KG eBooks,10.5771/9783748926979-337,EXCLUDE,IC1 not met,"Capítulo em volume jurídico (Nomos, Internet and New Technologies Law) que analisa a interação entre GDPR e o rascunho do AI Act; doutrina jurídica sem conexão com práticas de desenvolvimento/ciclo de vida de IA (IC3 também duvidoso).",alta
SB09,2026,SoK: Privacy Risks and Mitigations in Retrieval-Augmented Generation Systems,IEEE Conference on Secure and Trustworthy Machine Learning (SaTML),10.1109/satml68715.2026.00039,INCLUDE,IC1+IC2 met,"SoK (revisão sistemática) sobre riscos de privacidade em sistemas RAG, sistematizando riscos, técnicas de mitigação e estratégias de avaliação, com taxonomia e diagrama de processo.",media
SB10,2025,DPIAs' role in fundamental rights governance,Information & Communications Technology Law,10.1080/13600834.2025.2495441,EXCLUDE,IC1 not met,"Análise jurídica do papel das DPIAs do GDPR na governança de direitos fundamentais, sem referência a IA/ML ou ciclo de vida de desenvolvimento.",alta
SB11,2024,Agile privacy in practice: Integrating CCPA and GDPR within agile frameworks in the U.S. tech scene,International Journal of Scientific Research Updates,10.53430/ijsru.2024.7.2.0035,EXCLUDE,IC1 not met,"Propõe integração de CCPA/GDPR em frameworks ágeis de desenvolvimento de software em geral, sem foco em soluções de IA/ML (veículo também de revisão por pares questionável).",alta
SB12,2021,Fairness and Data Protection Impact Assessments,"AAAI/ACM Conference on AI, Ethics, and Society (AIES 2021)",10.1145/3461702.3462528,INCLUDE,IC1+IC2 met,"Examina criticamente a DPIA (art. 35 GDPR) à luz de métricas de fairness, avaliando a capacidade de operacionalizá-las no processo de DPIA de sistemas algorítmicos (AIES 2021); critica método de avaliação aplicado a IA.",media
SB13,2020,AI Regulation Through the Lens of Fundamental Rights: How Well Does the GDPR Address the Challenges Posed by AI?,DOAJ (DOAJ: Directory of Open Access Journals),10.15166/2499-8249/394,EXCLUDE,IC1 not met,"'Insight' jurídico sobre quão bem o GDPR enfrenta os desafios da IA sob a ótica de direitos fundamentais (consentimento, informação, DPIA); doutrina sem conexão com processo/ciclo de vida de IA.",alta
SB14,2020,Algorithmic impact assessments under the GDPR: producing multi-layered explanations,International Data Privacy Law,10.1093/idpl/ipaa020,INCLUDE,IC1+IC2 met,"Propõe usar a DPIA como avaliação de impacto algorítmico (AIA) para sistemas de perfilamento e decisão automatizada, produzindo 'explicações em múltiplas camadas'; estende um método de avaliação de proteção de dados para sistemas algorítmicos.",media
SB15,2019,Integrating artificial intelligence into health care through data access: can the GDPR act as a beacon for policymakers?,Journal of Law and the Biosciences,10.1093/jlb/lsz013,EXCLUDE,IC1 not met,Análise de política sobre acesso a dados de saúde para IA e o GDPR como referência para formuladores de políticas (EUA/Canadá); sem processo ou ciclo de vida de desenvolvimento de IA/ML.,alta
SB16,2019,Data Anonymization for Privacy Aware Machine Learning,Lecture notes in computer science,10.1007/978-3-030-37599-7_60,EXCLUDE,EC1,Avalia algoritmos de privacidade diferencial baseados em PCA aplicados a textos e séries temporais para ML; técnica algorítmica isolada sem fase de ciclo de vida nem critério de decisão.,alta
SB17,2018,When data protection by design and data subject rights clash,International Data Privacy Law,10.1093/idpl/ipy002,EXCLUDE,IC1 not met,Discute tensões entre Data Protection by Design (PETs) e direitos dos titulares em casos como Siri e analytics de Wi-Fi do TfL; não trata processo/ciclo de vida de soluções de IA/ML.,media
