\#,Title,Year,Retrieved
1,Addressing DPIA implementation challenges in AI-driven digitalisation: a systematic review and PDCA-based governance framework,2026,Yes
2,Establishing a comprehensive DPIA methodology for big data analytics in compliance with the GDPR,2026,Yes
3,Privacy risks of generative AI in organizations and governance models for risk mitigation,2026,Yes
4,Enhancing trust in AI: addressing vulnerabilities and ensuring privacy with ML security protocols across the lifecycle,2026,Yes
5,Privacy by design vs. engineering rules in AI regulation: a comparative framework for auditable implementation,2026,Yes
6,Navigating multi-jurisdictional privacy compliance in AI: an empirical analysis of regulatory gaps,2025,Yes
7,Integrating privacy by design principles into AI-driven systems for human activity and health monitoring,2025,Yes
8,Shifting from reactive to proactive: privacy \,compliance in AI-driven organizations,2025,Yes
,Retrieved after removing the ACM records,,8 of 8
