ID,Control objective,LGPD,ISO/IEC 27701:2019,NIST AI RMF,Gaps,Studies
A1.1,"Processing limited to specific, legitimate purposes with a valid legal basis","Arts. 6 (I, II), 7, 11","A.7.2.1, A.7.2.2, A.7.2.8",Map,G5,"S01, S11, S19"
A1.2,High-risk processing assessed before development,"Arts. 5 (XVII), 38",A.7.2.5,"Map, Measure",G2,"S06, S10, S12, S26"
A2.1,Collection and processing limited to what is necessary,Art. 6 (III),"A.7.4.1, A.7.4.2, A.7.4.4",Manage,G1,"S13, S16"
A2.2,Re-identification risk reduced to an accepted level,"Arts. 12, 13 (§ 4)",A.7.4.5,Manage,"G1, G4","S04, S09, S17"
A3.1,Technical measures chosen by risk and proportional to it,"Arts. 6 (VII, VIII), 46 (§ 2)",6.11.2 (privacy by design and default),Manage,G4,"S09, S15, S16"
A3.2,Accountability for training data across versions,"Arts. 6 (X), 37",A.7.2.8,"Govern, Map","G3, G5","S03, S22"
A4.1,Residual leakage of the trained model measured,"Arts. 6 (VIII), 46",6.11.2 (security testing),Measure,"G1, G4","S16, S21, S23"
A4.2,Non-discrimination and residual risk acceptance,"Arts. 6 (IX), 20",A.7.3.10,"Measure, Manage",G1,"S12, S13, S28"
A5.1,Transparency and review of automated decisions,"Arts. 9, 20","A.7.3.2, A.7.3.3, A.7.3.10","Govern, Manage","G3, G5","S12, S19, S22, S29"
A5.2,Confidentiality of data and model in operation,"Arts. 46, 49","6.6 (access control), A.7.4.9",Manage,G5,"S17, S20, S27"
A6.1,Risk assessment kept current over the lifecycle,"Arts. 6 (X), 38",A.7.2.5,Manage,G2,"S10, S12, S29"
A6.2,Data subject rights and storage limitation upheld,"Arts. 15, 16, 18","A.7.3.6, A.7.3.9, A.7.4.7, A.7.4.8",Manage,G3,"S01, S08, S11"
AT.1,"Incidents detected, recorded and reported",Art. 48,6.13 (incident management),"Govern, Manage",G5,"S02, S08"
AT.2,Accountability and demonstrable compliance,"Arts. 6 (X), 41, 50",Clause 5 (PIMS),Govern,G5,"S12, S22"
